Pos	RefAA	RefPos	Score	Colour	RefLow	RefHigh	ColorInterval	MSAData	ResidueVariety	TMHMM.Mean	TMHMM.SD	Pos2
15	D	ASP818	0.958	2	0.518	1.278	3,1	155/204	K,V,M,Y,H,D,G,L,N,Q,T,A,E,R,I,P,S	0	0	818
16	T	THR819	0.993	2	0.643	1.278	3,1	154/204	L,A,Q,T,D,S,G,M,Y,E,R,K,I,P,V	0	0	819
17	K	LYS820	-0.334	6	-0.723	-0.114	7,5	23/204	S,D,K,R,E,Q,A	0	0	820
18	F	PHE821	1.416	1	0.398	2.041	4,1	23/204	F,V,E,R,K,N,Q,A,T,S	1.30434782608696e-06	3.44350221575091e-06	821
19	I	ILE822	0.953	2	0.181	1.488	4,1	22/204	S,G,D,L,Q,A,K,I,E,M	5.45454545454545e-06	2.1320071635561e-05	822
20	L	LEU823	-0.737	7	-1.197	-0.467	9,6	21/204	L,I,V,S	5.71428571428571e-06	2.18108753999991e-05	823
21	N	ASN824	1.115	2	0.286	1.737	4,1	22/204	T,A,N,L,V,I,E,Y	5.90909090909091e-06	2.34336125924749e-05	824
22	N	ASN825	0.011	5	-0.467	0.398	6,4	22/204	K,R,E,V,T,N,S,G,D	5.90909090909091e-06	2.34336125924749e-05	825
23	L	LEU826	-0.484	6	-0.899	-0.204	8,6	22/204	L,T,C,M,I	1.04545454545455e-05	3.07799057406386e-05	826
24	K	LYS827	-0.724	7	-1.09	-0.467	8,6	22/204	K,H,E,D,Q,Y	1.13636363636364e-05	3.37067824947322e-05	827
25	L	LEU828	0.758	3*	0.079	1.278	5,1	19/204	A,Q,N,L,S,M,V,R,I,E	7.36842105263158e-06	2.51312344975017e-05	828
26	N	ASN829	0.439	4*	-0.204	0.929	6,2	19/204	E,M,D,S,N,Q,T,L	7.36842105263158e-06	2.51312344975017e-05	829
27	I	ILE830	0.122	5	-0.467	0.518	6,3	19/204	L,T,N,F,I,V	7.36842105263158e-06	2.51312344975017e-05	830
28	E	GLU831	2.001	1	1.488	2.442	1,1	153/204	D,G,S,N,A,Q,T,L,V,E,R,I,K,P,F	9.15032679738562e-07	8.98532993889301e-06	831
29	S	SER832	0.312	4	-0.018	0.518	5,3	156/204	I,P,K,R,V,M,D,G,S,L,N,A,T,Q	9.61538461538461e-07	9.00027570573015e-06	832
30	S	SER833	0.593	3	0.286	0.779	4,3	156/204	T,A,Q,N,H,G,S,D,Y,M,P,R,K,E	9.61538461538461e-07	9.00027570573015e-06	833
31	I	ILE834	0.526	3	0.181	0.779	4,3	157/204	S,E,R,P,I,F,H,G,L,N,T,A,Q,K,V,M	9.55414012738853e-07	8.97171048854761e-06	834
32	G	GLY835	0.015	5	-0.293	0.181	6,4	157/204	E,W,P,I,R,K,V,Y,D,S,G,L,N,T,Q	9.55414012738853e-07	8.97171048854761e-06	835
33	D	ASP836	-0.071	5	-0.381	0.079	6,5	157/204	L,N,T,Q,A,H,D,S,M,E,I,R,K,V	1.01910828025478e-06	9.00033570426583e-06	836
34	Y	TYR837	0.591	3	0.181	0.779	4,3	159/204	L,Q,A,N,H,G,S,D,Y,I,K,R,E,V	9.43396226415094e-07	8.17471037153407e-06	837
35	I	ILE838	0.292	4	-0.018	0.518	5,3	159/204	M,F,K,R,I,E,V,L,T,A,Q,N,H,S,D	1.44654088050314e-06	8.70300966328704e-06	838
36	Y	TYR839	0.319	4	-0.018	0.518	5,3	164/204	Y,F,I,W,E,V,L,A,T,Q,N,S,D	1.52439024390244e-06	8.83346343814435e-06	839
37	Y	TYR840	0.124	5	-0.204	0.286	6,4	164/204	S,F,E,R,I,L,N,Q,T,A,D,G,M,Y,W,K,V	1.15853658536585e-06	4.7514144156844e-06	840
38	E	GLU841	0.22	4	-0.114	0.398	5,4	167/204	S,P,R,I,E,F,H,G,D,L,Q,A,N,K,V,Y,M	2.21556886227545e-06	8.80862102392429e-06	841
39	K	LYS842	0.159	5	-0.114	0.398	5,4	166/204	V,E,R,P,I,K,Y,D,S,H,N,T,Q,A,L	3.6144578313253e-06	1.68471426048068e-05	842
40	L	LEU843	1.111	2	0.286	1.737	4,1	17/204	D,Q,A,L,V,K,I,P,F	1.76470588235294e-06	5.28594139870924e-06	843
41	E	GLU844	-0.383	6	-0.637	-0.204	7,6	181/204	L,N,A,Q,T,D,S,F,E,R,P,I,K,V	1.61878453038674e-05	7.35930859244742e-05	844
42	P	PRO845	-0.07	5	-0.381	0.079	6,5	185/204	V,E,P,I,F,M,S,G,A,Q,T,L	2.30810810810811e-05	0.000109795852652523	845
43	V	VAL846	0.274	4	-0.018	0.398	5,4	186/204	L,N,Q,T,A,H,D,G,M,Y,K,V,S,E,R,I,P	2.8494623655914e-05	0.000128836340656049	846
44	K	LYS847	0.081	5	-0.204	0.286	6,4	187/204	H,G,S,D,T,Q,A,N,R,K,E,V,F	3.4331550802139e-05	0.000138501803952583	847
45	N	ASN848	-1.107	8	-1.323	-0.992	9,8	188/204	R,I,E,M,H,S,G,D,T,Q,A,N	4.31382978723404e-05	0.000160104384469942	848
46	I	ILE849	1.036	2	0.643	1.278	3,1	188/204	L,A,T,N,S,G,D,M,W,R,I,P,K,E,V	4.56382978723404e-05	0.000170554669270359	849
47	I	ILE850	0.508	3	0.181	0.643	4,3	189/204	E,I,R,P,S,V,K,Y,D,G,H,N,T,A,Q,L	4.67724867724868e-05	0.000171339081768065	850
48	H	HIS851	-0.736	7	-0.992	-0.637	8,7	189/204	L,T,A,H,S,F,M,E,I,K,R,V	4.85714285714286e-05	0.000174872511095307	851
49	N	ASN852	-0.392	6	-0.637	-0.293	7,6	190/204	N,A,T,Q,D,S,G,H,V,E,I,K,R	4.84210526315789e-05	0.000174488311880805	852
50	S	SER853	0.171	4	-0.114	0.286	5,4	190/204	F,E,P,R,S,M,Y,K,V,L,N,Q,T,A,D,G	4.87894736842105e-05	0.000174753364811522	853
51	I	ILE854	-0.34	6	-0.552	-0.204	7,6	190/204	I,R,E,V,F,S,G,D,L,Q,A,T,C,N	4.94210526315789e-05	0.000175240368796773	854
52	D	ASP855	-0.69	7	-0.899	-0.552	8,7	186/204	A,T,N,L,S,D,H,Y,M,F,V,R,I	5.22043010752688e-05	0.00018084181883862	855
53	D	ASP856	1.147	2	0.779	1.488	3,1	186/204	S,I,R,P,E,F,G,D,L,Q,A,T,N,K,V,Y,M	5.22043010752688e-05	0.000180719227301734	856
54	L	LEU857	-0.04	5	-0.293	0.079	6,5	193/204	M,F,V,E,R,I,K,N,Q,A,T,L,D,S,G	5.02072538860104e-05	0.000176073962173401	857
55	I	ILE858	-0.076	5	-0.381	0.079	6,5	194/204	H,S,L,T,Q,A,R,I,K,V,F,M	4.95360824742268e-05	0.000173996876980828	858
56	D	ASP859	-0.452	6	-0.723	-0.293	7,6	200/204	G,S,D,H,Q,A,T,N,V,R,K,E,M	4.645e-05	0.000163525534710982	859
57	E	GLU860	-0.39	6	-0.637	-0.293	7,6	201/204	A,T,N,C,L,S,G,D,H,M,F,V,I,K,E	4.55223880597015e-05	0.000160523676590927	860
58	F	PHE861	-0.123	5	-0.381	0.079	6,5	201/204	F,I,R,E,S,Y,M,V,K,A,Q,T,N,L,G,D,H	4.50746268656716e-05	0.000158896568254274	861
59	N	ASN862	0.398	4	0.079	0.643	5,3	201/204	F,I,R,E,S,Y,V,W,K,T,A,Q,N,L,G,D,H	4.51741293532338e-05	0.000157483632569747	862
60	L	LEU863	-0.219	6	-0.467	-0.018	6,5	204/204	N,Q,L,H,F,Y,V,E,R,I,W	4.5343137254902e-05	0.000154318396152547	863
61	L	LEU864	-0.342	6	-0.552	-0.204	7,6	204/204	D,G,S,N,C,A,T,L,V,R,I	3.66176470588235e-05	0.000122702856597133	864
62	E	GLU865	0.361	4	0.079	0.518	5,3	204/204	H,S,G,D,L,Q,T,A,N,R,K,E,V,Y,F	2.79901960784314e-05	0.000110793732381109	865
63	N	ASN866	-0.017	5	-0.293	0.181	6,4	202/204	M,E,I,R,K,V,L,N,T,Q,A,D,S,G	1.96039603960396e-05	0.000103408774824022	866
64	V	VAL867	-0.637	7	-0.899	-0.552	8,7	202/204	V,W,I,Y,M,F,A,L	1.89108910891089e-05	0.0001185853681216	867
65	S	SER868	0.293	4	-0.018	0.518	5,3	202/204	K,V,Y,H,G,D,L,T,A,Q,N,R,I,E,F,S	1.62871287128713e-05	0.00012031292835364	868
66	D	ASP869	1.577	1	1.093	1.737	2,1	202/204	T,Q,A,N,L,G,S,D,H,Y,V,R,I,K,E	1.53960396039604e-05	0.000121892586203189	869
67	E	GLU870	-0.644	7	-0.899	-0.552	8,7	202/204	S,G,L,T,Q,A,E,I,V,M	1.47524752475248e-05	0.000120187201075241	870
68	L	LEU871	-0.341	6	-0.552	-0.204	7,6	202/204	C,N,A,T,L,S,M,F,Y,V,I,W	1.28217821782178e-05	0.000118323521087648	871
69	Y	TYR872	2.605	1	2.041	3.044	1,1	202/204	Y,M,V,K,W,T,A,Q,N,L,G,D,H,P,I,R,E,C,S	1.13861386138614e-05	0.000116213302797935	872
70	E	GLU873	0.807	3	0.518	1.093	3,2	204/204	E,K,I,R,V,H,D,G,S,L,N,T,Q,A	1.07352941176471e-05	0.000114560408610895	873
71	L	LEU874	-0.911	8	-1.09	-0.81	8,7	204/204	A,M,F,L,V,G,I	1.17156862745098e-05	0.000114961966505782	874
72	K	LYS875	-0.05	5	-0.293	0.079	6,5	204/204	S,C,I,R,P,E,F,H,G,L,A,T,Q,W,K,V,Y	1.16666666666667e-05	0.000114981971885965	875
73	K	LYS876	1.764	1	1.278	2.041	1,1	204/204	G,D,H,T,A,Q,N,L,K,M,S,I,R,P,E,F	1.25e-05	0.000115890746069868	876
74	L	LEU877	0.54	3	0.181	0.779	4,3	204/204	Y,V,E,K,I,R,N,A,T,Q,L,D,G,S,H	1.49019607843137e-05	0.000120002012282301	877
75	N	ASN878	-0.04	5	-0.293	0.079	6,5	204/204	L,A,Q,T,N,H,S,G,D,Y,F,K,R,E	1.58333333333333e-05	0.000119880037190989	878
76	N	ASN879	1.462	1	0.929	1.737	2,1	198/204	L,A,T,Q,N,H,S,G,D,K,P,R,E	1.86363636363636e-05	0.00012437726746002	879
77	L	LEU880	-0.781	7	-0.992	-0.637	8,7	198/204	I,V,F,M,S,G,L,A,T,Q	2.26767676767677e-05	0.000139336376998188	880
78	D	ASP881	0.311	4	-0.018	0.518	5,3	198/204	D,S,G,N,Q,T,A,V,E,P,K,R	2.23737373737374e-05	0.000130753077308165	881
79	E	GLU882	1.605	1	1.093	1.737	2,1	204/204	E,K,P,R,V,M,H,D,S,G,N,Q,T,A	2.24019607843137e-05	0.000128237830143372	882
80	K	LYS883	0.874	2	0.518	1.093	3,2	204/204	H,D,G,S,L,N,Q,T,A,E,K,P,R,Y	2.31372549019608e-05	0.000130859081820447	883
81	Y	TYR884	-0.719	7	-0.992	-0.552	8,7	204/204	Y,F,M,W,R,T,A,Q,L,S,H	2.50490196078431e-05	0.000134770366818649	884
82	L	LEU885	-0.185	6	-0.467	-0.018	6,5	204/204	F,M,V,E,I,R,A,T,L,S,H	2.58823529411765e-05	0.000135758064588592	885
83	I	ILE886	-1.104	8	-1.323	-0.992	9,8	204/204	P,I,V,L,M,T,A	2.52941176470588e-05	0.000129999665648323	886
84	S	SER887	-0.52	7	-0.723	-0.381	7,6	204/204	L,T,A,N,S,D,M,I,V	2.39705882352941e-05	0.000122311155808128	887
85	F	PHE888	-0.774	7	-0.992	-0.637	8,7	203/204	V,S,I,W,Y,F,L	2.24630541871921e-05	0.000117502232397298	888
86	E	GLU889	0.289	4	-0.018	0.518	5,3	203/204	E,P,K,R,N,T,A,Q,H,D,G,S	2.12315270935961e-05	0.000116797025389073	889
87	D	ASP890	-0.868	8	-1.09	-0.81	8,7	203/204	V,E,R,N,T,A,D,G,S	2.08866995073892e-05	0.000116798048481778	890
88	I	ILE891	0	5	-0.293	0.181	6,4	204/204	H,D,G,S,L,N,T,Q,E,I,K,R	2.02941176470588e-05	0.000116144600567954	891
89	S	SER892	1.063	2	0.643	1.278	3,1	204/204	M,K,V,N,T,Q,A,H,D,G,F,E,I,P,R,S	2.11764705882353e-05	0.000119422206000409	892
90	K	LYS893	2.469	1	1.737	3.044	1,1	204/204	T,Q,A,N,L,G,D,H,M,V,K,S,P,I,R,E	2.08333333333333e-05	0.00012172727194689	893
91	N	ASN894	2.322	1	1.737	2.442	1,1	202/204	N,T,Q,A,L,D,G,S,H,V,E,R,P,K	2.2029702970297e-05	0.000134028062365327	894
92	N	ASN895	1.916	1	1.278	2.041	1,1	204/204	K,R,P,E,V,L,Q,T,A,N,G,S,D	2.15686274509804e-05	0.000139896126828283	895
93	S	SER896	-0.173	6	-0.467	-0.018	6,5	204/204	E,R,K,V,D,S,G,N,A,Q,T	2.05882352941176e-05	0.000136770085236464	896
94	T	THR897	2.956	1	2.041	3.044	1,1	194/204	S,F,R,I,P,E,Q,A,T,N,L,G,D,H,Y,M,K	2.08762886597938e-05	0.000139405678383017	897
95	Y	TYR898	-0.364	6	-0.637	-0.204	7,6	203/204	E,R,W,V,M,F,Y,H,D,S,L,N,A,Q,T	1.91133004926108e-05	0.000131485051555746	898
96	S	SER899	0.507	3	0.181	0.643	4,3	204/204	V,E,R,K,D,S,G,H,N,Q,A,T,L	1.47549019607843e-05	0.000104067232557172	899
97	V	VAL900	-0.114	5	-0.381	0.079	6,5	204/204	Q,M,L,V,I	1.45098039215686e-05	0.00010471286050262	900
98	R	ARG901	-0.384	6	-0.637	-0.293	7,6	204/204	G,D,H,A,Q,T,N,L,V,W,K,M,S,R,P,E	1.35294117647059e-05	9.94135221776721e-05	901
99	F	PHE902	-0.945	8	-1.197	-0.81	9,7	204/204	F,M,A,L,V	1.2156862745098e-05	9.41241968647241e-05	902
100	I	ILE903	-0.47	6	-0.723	-0.381	7,6	204/204	V,I,M,F,G,T,A,L	1.07843137254902e-05	9.12171260658e-05	903
101	N	ASN904	-0.767	7	-0.992	-0.637	8,7	204/204	D,G,S,H,N,Q,E,R,K	8.33333333333333e-06	8.72692829717909e-05	904
102	K	LYS905	0.499	4	0.181	0.643	4,3	204/204	E,P,I,R,S,C,V,K,Y,G,H,N,T,Q,A,L	7.84313725490196e-06	8.71737684929466e-05	905
103	S	SER906	1.773	1	1.278	2.041	1,1	204/204	D,G,S,N,T,Q,A,L,V,E,I,K,R	7.25490196078431e-06	8.64078638861629e-05	906
104	N	ASN907	1.422	1	0.929	1.737	2,1	204/204	N,Q,T,A,H,D,S,G,Y,E,K,R,P,I,V	6.66666666666667e-06	8.40634680861233e-05	907
105	G	GLY908	0.659	3	0.286	0.929	4,2	194/204	L,N,T,Q,A,H,D,G,S,M,E,P,I,R	6.85567010309278e-06	8.54788995798544e-05	908
106	E	GLU909	1.425	1	0.929	1.737	2,1	202/204	L,A,Q,T,N,H,G,D,K,V,S,F,P,R,I,E	6.53465346534654e-06	8.30564831315282e-05	909
107	S	SER910	0.818	3	0.518	1.093	3,2	200/204	M,V,W,K,Q,A,T,L,D,H,F,R,P,I,E,S	6.65e-06	8.34692342442809e-05	910
108	V	VAL911	0.418	4	0.079	0.643	5,3	202/204	L,A,Q,T,H,M,Y,K,V,C,S,F,E,P,I,R	6.63366336633663e-06	8.30605752426945e-05	911
109	Y	TYR912	1.488	1	1.093	1.737	2,1	198/204	M,Y,K,W,V,L,N,T,Q,H,D,G,F,E,R,I,S	7.02020202020202e-06	8.39307763834248e-05	912
110	V	VAL913	-0.511	7	-0.723	-0.381	7,6	204/204	F,Y,E,I,V,L,A,Q	6.61764705882353e-06	7.99188682343232e-05	913
111	E	GLU914	1.561	1	1.093	1.737	2,1	204/204	F,P,R,I,E,S,M,K,V,L,A,T,Q,N,H,G,D	5e-06	5.75569968098875e-05	914
112	T	THR915	-0.911	8	-1.09	-0.81	8,7	204/204	F,M,V,I,K,E,A,T,L,G,S,D	4.16666666666667e-06	4.51357194373782e-05	915
113	E	GLU916	2.298	1	1.737	2.442	1,1	204/204	Y,V,R,I,K,E,Q,A,T,N,L,S,G,D,H	2.35294117647059e-06	1.97609592011179e-05	916
114	K	LYS917	-0.842	8	-1.09	-0.723	8,7	204/204	G,S,D,T,Q,A,N,R,K,P,E	1.37254901960784e-06	8.24970107668927e-06	917
115	E	GLU918	2.01	1	1.488	2.442	1,1	204/204	Y,V,E,R,I,P,K,Q,A,T,L,D,S,G,H	1.61764705882353e-06	8.81282553689703e-06	918
116	I	ILE919	-0.259	6	-0.467	-0.114	6,5	204/204	V,K,W,Y,G,D,H,A,T,Q,N,L,R,I,E,F,S	2.15686274509804e-06	9.73819365821561e-06	919
117	F	PHE920	-0.504	7	-0.723	-0.381	7,6	204/204	S,L,C,I,W,V,Y,F	3.03921568627451e-06	1.36305377004178e-05	920
118	S	SER921	1.283	1	0.779	1.488	3,1	204/204	H,D,G,L,N,Q,A,T,K,W,V,M,S,E,P,I,F	3.2843137254902e-06	1.47055684309197e-05	921
119	K	LYS922	0.206	4	-0.114	0.398	5,4	204/204	E,K,I,R,V,D,S,G,N,T,A,Q	3.18627450980392e-06	1.44571596745456e-05	922
120	Y	TYR923	-0.886	8	-1.09	-0.81	8,7	204/204	I,V,L,F,Y,A	3.38235294117647e-06	1.51130675311117e-05	923
121	S	SER924	-0.313	6	-0.552	-0.204	7,6	203/204	E,I,K,R,V,M,H,S,G,C,N,A,T,Q	3.15270935960591e-06	1.51530583799639e-05	924
122	E	GLU925	0.787	3	0.398	0.929	4,2	204/204	T,A,Q,N,G,S,D,H,Y,F,K,R,E	3.87254901960784e-06	1.57943505324349e-05	925
123	H	HIS926	0.158	5	-0.114	0.286	5,4	204/204	H,S,G,D,T,A,Q,N,R,W,K,E,Y,F	4.95098039215686e-06	1.87673741905858e-05	926
124	I	ILE927	-0.495	6	-0.723	-0.381	7,6	203/204	L,C,T,A,H,S,F,Y,I,V	5.17241379310345e-06	1.95074199537937e-05	927
125	T	THR928	-0.058	5	-0.293	0.079	6,5	203/204	L,N,A,Q,T,H,D,S,M,Y,E,K,R,I	5.17241379310345e-06	2.0761369963435e-05	928
126	K	LYS929	0.106	5	-0.204	0.286	6,4	203/204	E,R,K,F,D,S,G,H,N,T,Q,L	5.8128078817734e-06	2.49098261556855e-05	929
127	E	GLU930	0.253	4	-0.018	0.398	5,4	203/204	M,Y,V,K,N,Q,A,T,L,D,G,H,E,R,I,C,S	9.60591133004926e-06	6.53917544422965e-05	930
128	I	ILE931	-0.306	6	-0.552	-0.204	7,6	203/204	A,T,N,L,S,H,Y,M,F,V,P,I	1.12807881773399e-05	8.54941082757797e-05	931
129	S	SER932	2.08	1	1.488	2.442	1,1	203/204	H,G,D,L,A,T,Q,N,K,V,M,S,I,R,E,F	1.22660098522167e-05	9.84120866024364e-05	932
130	T	THR933	1.251	1	0.779	1.488	3,1	198/204	R,I,P,E,S,Y,M,V,K,T,Q,A,N,L,G,D,H	1.41414141414141e-05	0.000113011477796399	933
131	I	ILE934	-0.252	6	-0.552	-0.114	7,5	197/204	V,I,R,M,F,G,T,A,L	1.56345177664975e-05	0.000118041969475043	934
132	K	LYS935	0.325	4	-0.018	0.518	5,3	201/204	Y,R,I,K,E,V,L,A,Q,T,N,H,G,S,D	1.55223880597015e-05	0.00011838855834188	935
133	N	ASN936	1.114	2	0.779	1.278	3,1	201/204	V,I,K,W,P,R,E,T,Q,A,N,S,G,D,H	1.58706467661692e-05	0.000119830560309462	936
134	S	SER937	0.612	3	0.181	0.929	4,2	112/204	Y,R,I,V,L,N,A,T,H,D,G,S	5.44642857142857e-06	3.27944291263712e-05	937
135	I	ILE938	-0.204	6	-0.552	-0.018	7,5	108/204	H,S,L,A,T,I,R,V,Y,F	6.11111111111111e-06	4.17789763642387e-05	938
136	I	ILE939	1.233	1	0.779	1.488	3,1	108/204	M,Y,V,K,N,T,A,Q,D,G,H,F,E,P,R,I,S	6.75925925925926e-06	4.97438053947133e-05	939
137	T	THR940	1.006	2	0.518	1.278	3,1	108/204	F,M,Y,K,P,W,I,V,L,A,T,D,G	1.02777777777778e-05	8.66452465741432e-05	940
138	D	ASP941	0.914	2	0.181	1.488	4,1	20/204	K,P,E,S,D,H,T,A,N	4.8e-05	0.00021466252583998	941
139	V	VAL942	0.781	3	0.398	0.929	4,2	198/204	S,R,I,P,E,L,A,T,Q,N,H,G,D,M,K,V	2.04545454545455e-05	0.000143570479886953	942
140	N	ASN943	1.762	1	1.278	2.041	1,1	198/204	E,K,P,R,V,N,A,T,Q,H,D,S,G	2.82323232323232e-05	0.000204270166891509	943
141	G	GLY944	1.521	1	1.093	1.737	2,1	173/204	D,S,G,H,N,A,Q,T,L,V,E,R,P,K	3.10982658959538e-05	0.000172335046333153	944
148	Q	GLN951	1.629	1	1.093	2.041	2,1	201/204	G,D,H,A,T,Q,N,L,V,K,Y,S,C,R,I,E,F	0.000527562189054726	0.00257188637528239	951
149	L	LEU952	0.613	3	0.286	0.779	4,3	200/204	V,E,P,I,M,F,D,G,S,T,Q,A,L	0.00101565	0.00465004409959096	952
150	D	ASP953	1.835	1	1.278	2.041	1,1	201/204	V,K,M,Y,D,G,H,N,Q,T,A,L,E,I,R,P,F,S	0.00124731343283582	0.00509494727610293	953
151	H	HIS954	0.005	5	-0.293	0.181	6,4	201/204	H,G,S,D,A,Q,T,N,K,I,E	0.00169582089552239	0.00692394233423136	954
152	T	THR955	0.253	4	-0.018	0.398	5,4	201/204	F,I,P,E,V,T,A,H,S,G	0.0048544776119403	0.0251948570317584	955
153	S	SER956	0.124	5	-0.204	0.286	6,4	204/204	T,A,Q,D,S,G,H,M,V,E,R,I,P	0.00543588235294118	0.0288082428971905	956
154	Q	GLN957	-0.103	5	-0.381	0.079	6,5	204/204	I,P,E,L,A,Q,T,N,H,S,G,D	0.00580352941176471	0.0289878991110265	957
155	V	VAL958	-0.705	7	-0.899	-0.552	8,7	204/204	M,F,Y,W,P,I,V,L,N,A,G	0.00598671568627451	0.0290327056699811	958
156	N	ASN959	-1.142	8	-1.323	-1.09	9,8	204/204	E,P,F,Y,H,D,S,N,A	0.00601436274509804	0.0290406768754623	959
157	T	THR960	-1.198	9	-1.506	-1.09	9,8	203/204	G,S,A,T,L,V,R,F	0.00638975369458128	0.0295932410907603	960
158	L	LEU961	-1.347	9	-1.733	-1.323	9,9	204/204	L,F,M,I	0.00645362745098039	0.0296435322210483	961
159	N	ASN962	-1.505	9	-1.733	-1.506	9,9	204/204	G,S,D,Q,T,N	0.00646039215686274	0.0296550281308502	962
160	A	ALA963	-0.96	8	-1.197	-0.899	9,8	204/204	S,T,A,L,V,I,Y,F,M	0.0064756862745098	0.0296771638006539	963
161	A	ALA964	-1.206	9	-1.506	-1.09	9,8	204/204	L,M,F,A,Y,S,G	0.00648867647058823	0.0296856632679541	964
162	F	PHE965	-1.237	9	-1.506	-1.197	9,9	204/204	S,V,I,Y,F,M,L	0.00649720588235294	0.0296805055282184	965
163	F	PHE966	-0.536	7	-0.723	-0.381	7,6	204/204	L,T,A,N,G,S,F,M,R,I,V	0.00649147058823529	0.0296441894188325	966
164	I	ILE967	-0.692	7	-0.899	-0.552	8,7	204/204	A,F,M,L,V,I,W	0.00644897058823529	0.0292765670249707	967
165	Q	GLN968	-1.194	9	-1.506	-1.09	9,8	204/204	M,Y,K,R,Q,A,L,S,H	0.00627058823529412	0.0280443981155262	968
166	S	SER969	-0.934	8	-1.09	-0.81	8,7	204/204	L,A,T,G,S,M,E,K	0.00604960784313725	0.0260630371647166	969
167	L	LEU970	-1.042	8	-1.323	-0.992	9,8	204/204	V,I,M,A,L	0.00556843137254902	0.0218230991304023	970
168	I	ILE971	-0.953	8	-1.197	-0.899	9,8	200/204	F,M,R,K,I,V,L,N,G	0.00476295	0.0157732858507716	971
169	D	ASP972	-0.2	6	-0.467	-0.018	6,5	200/204	F,E,I,P,R,S,M,V,N,T,A,Q,L,D,G,H	0.0037811	0.0110381083055397	972
170	Y	TYR973	-0.049	5	-0.293	0.079	6,5	200/204	S,E,P,R,I,F,D,G,H,N,T,A,Q,L,V,W,M,Y	0.00327235	0.00970990863013281	973
171	S	SER974	-0.48	6	-0.723	-0.381	7,6	203/204	A,N,L,G,D,H,Y,M,V,K,S,F,R,P,I,E	0.00295428571428571	0.00920161242096655	974
172	S	SER975	-0.213	6	-0.467	-0.114	6,5	204/204	E,K,P,W,R,D,S,G,H,N,C,Q,T,A	0.00152436274509804	0.0070964977892404	975
173	N	ASN976	0.733	3	0.398	0.929	4,2	198/204	H,G,D,L,Q,T,A,N,K,V,Y,M,S,R,P,E	0.000649040404040404	0.00284094689805125	976
174	K	LYS977	-0.268	6	-0.552	-0.114	7,5	196/204	Q,A,T,N,L,G,S,H,P,K,R,E	0.000475816326530612	0.00250855578983335	977
175	D	ASP978	-0.367	6	-0.637	-0.204	7,6	193/204	N,A,Q,T,D,G,S,H,F,Y,V,E,K,I	0.000198134715025907	0.00145953461564203	978
176	V	VAL979	-0.103	5	-0.381	0.079	6,5	191/204	V,E,K,I,R,Y,D,S,G,H,N,T,Q,L	0.000392984293193717	0.00198387950471436	979
177	L	LEU980	1.071	2	0.643	1.278	3,1	191/204	R,P,I,E,F,S,V,K,Y,G,D,H,A,T,Q,N,L	0.000482408376963351	0.00238296640891867	980
178	N	ASN981	0.106	5	-0.204	0.286	6,4	204/204	D,S,G,H,N,Q,T,A,L,E,R,K,P,F	0.0160102941176471	0.0587946318962416	981
179	D	ASP982	-0.064	5	-0.293	0.079	6,5	204/204	I,P,K,E,V,A,T,Q,N,H,G,S,D	0.0178488725490196	0.0639221024180238	982
180	L	LEU983	-1.201	9	-1.506	-1.09	9,8	204/204	V,R,M,A,L	0.0184508823529412	0.0657025362085989	983
181	S	SER984	-0.319	6	-0.552	-0.204	7,6	204/204	N,T,Q,A,L,D,S,G,H,F,Y,V,E,R,K	0.0187820098039216	0.06635488472952	984
182	T	THR985	0.07	5	-0.204	0.286	6,4	204/204	E,K,R,I,W,V,M,D,S,L,C,N,Q,A,T	0.0191364705882353	0.0668637109548543	985
183	S	SER986	-1.34	9	-1.506	-1.323	9,9	204/204	S,G,V,P,A,L	0.0194180882352941	0.0670289132362121	986
184	V	VAL987	-0.976	8	-1.197	-0.899	9,8	204/204	I,S,V,L,M,A,T	0.019615	0.0670912496074684	987
185	K	LYS988	-0.974	8	-1.197	-0.899	9,8	204/204	N,Q,A,E,R,K	0.0197471568627451	0.0671134853807755	988
186	V	VAL989	-0.584	7	-0.81	-0.467	7,6	204/204	W,I,G,V,L,A,M	0.0204060294117647	0.0671556233696525	989
187	Q	GLN990	-1.495	9	-1.733	-1.506	9,9	204/204	Q,S,H,E	0.0214492156862745	0.0672224505540755	990
188	L	LEU991	-0.533	7	-0.723	-0.381	7,6	204/204	H,G,S,D,L,T,A,C,N,I,E,V,Y,F	0.0311934803921569	0.0745702616748181	991
189	Y	TYR992	-1.326	9	-1.733	-1.197	9,9	204/204	A,D,Y,F,M,V,W,E	0.0325191666666667	0.0758827257599532	992
190	A	ALA993	-0.44	6	-0.637	-0.293	7,6	204/204	L,T,A,C,S,F,M,I,V	0.0337618137254902	0.0769268447391532	993
191	Q	GLN994	-1.19	9	-1.506	-1.09	9,8	204/204	S,G,A,Q,T,N,I,M	0.0341419607843137	0.0771590021825792	994
192	L	LEU995	-0.665	7	-0.899	-0.552	8,7	204/204	M,F,Y,W,R,I,L,A,T,H,G,S	0.0357476960784314	0.0780241947007799	995
193	F	PHE996	-0.387	6	-0.637	-0.293	7,6	204/204	I,G,V,S,T,A,F	0.0365050490196078	0.0784345804812426	996
194	S	SER997	-1.506	9	-1.733	-1.506	9,9	204/204	L,M,N,T,Q,S	0.0358636274509804	0.0768227803574608	997
195	T	THR998	-0.709	7	-0.899	-0.637	8,7	204/204	L,Q,T,N,F,M,P,I,V	0.0374293137254902	0.0773591050714636	998
196	G	GLY999	0.323	4	-0.018	0.518	5,3	204/204	S,G,A,T,L,V,I,P,F	0.0368012254901961	0.0752876602909589	999
197	L	LEU1000	-0.7	7	-0.899	-0.552	8,7	204/204	Y,M,F,V,I,W,R,A,Q,T,L,D,H	0.0344474019607843	0.0683943626477023	1000
198	N	ASN1001	-0.848	8	-1.09	-0.723	8,7	204/204	D,G,S,N,A,T,Q	0.0324673039215686	0.0646882377754137	1001
199	T	THR1002	0.727	3	0.398	0.929	4,2	204/204	L,N,A,T,H,D,G,S,Y,E,I,V	0.0302086274509804	0.0609425596559348	1002
200	I	ILE1003	0.726	3	0.398	0.929	4,2	204/204	V,I,F,M,S,G,T,A,L	0.026481862745098	0.054318435225806	1003
201	Y	TYR1004	0.32	4	-0.018	0.518	5,3	204/204	E,I,F,S,C,V,M,Y,D,G,H,N,T,A,Q,L	0.023046862745098	0.0496726596847643	1004
202	D	ASP1005	-1.499	9	-1.733	-1.506	9,9	204/204	D,E,T,Q,L	0.0212264215686274	0.0491938785534516	1005
203	S	SER1006	0.325	4	0.079	0.518	5,3	204/204	G,S,A,T,L,V,I,M	0.0211723529411765	0.049188654047933	1006
204	I	ILE1007	1.319	1	0.929	1.488	2,1	204/204	G,S,T,Q,A,N,L,V,K,I,M,F	0.0210985294117647	0.0491474056543759	1007
205	Q	GLN1008	-0.51	7	-0.723	-0.381	7,6	204/204	E,R,I,K,D,G,S,H,N,A,T,Q,L	0.0209196568627451	0.048997561871381	1008
206	L	LEU1009	-0.148	5	-0.381	-0.018	6,5	204/204	I,V,L,A,T,Y,M	0.0206982843137255	0.0486801953691627	1009
207	V	VAL1010	0.168	4	-0.114	0.286	5,4	204/204	V,I,F,M,S,G,A,T,N,L	0.0202580882352941	0.0481154481585651	1010
208	N	ASN1011	1.353	1	0.929	1.488	2,1	204/204	E,R,K,D,S,G,H,N,A,T,Q,L	0.0192989215686275	0.0470258343296295	1011
209	L	LEU1012	-0.918	8	-1.197	-0.81	9,7	204/204	W,I,V,M,F,H,L,Q,A	0.0186535294117647	0.045663937246166	1012
210	I	ILE1013	-0.821	7	-0.992	-0.723	8,7	204/204	A,T,L,V,I,W,F,M,Y	0.016848431372549	0.0409193855499254	1013
211	S	SER1014	-0.053	5	-0.293	0.079	6,5	204/204	K,R,E,Y,F,G,S,D,H,T,Q,A,N	0.00696475490196078	0.017498822379483	1014
212	N	ASN1015	-0.16	5	-0.381	-0.018	6,5	204/204	M,V,E,R,K,I,N,Q,T,A,L,D,G,S,H	0.00599906862745098	0.0156071403582705	1015
213	A	ALA1016	-0.751	7	-0.992	-0.637	8,7	204/204	L,A,T,G,M,E,I,V	0.00521838235294118	0.0134502002413677	1016
214	V	VAL1017	-0.265	6	-0.552	-0.114	7,5	204/204	S,N,A,L,V,E,R,W,I,M,F	0.00473098039215686	0.0123253214876129	1017
215	N	ASN1018	0.697	3	0.398	0.929	4,2	204/204	K,V,M,Y,D,G,L,N,T,A,Q,E,P,I,R,S,C	0.00187137254901961	0.00586550255939903	1018
216	D	ASP1019	0.067	5	-0.204	0.181	6,4	204/204	T,Q,A,N,G,S,D,M,F,K,I,E,V	0.000686666666666667	0.00427041496889566	1019
217	T	THR1020	-0.769	7	-0.992	-0.637	8,7	204/204	E,N,A,T,Q,D,G,S	0.000696666666666667	0.00447534148920412	1020
218	I	ILE1021	0.164	5	-0.114	0.286	5,4	204/204	E,I,R,P,F,S,V,W,K,M,G,N,A,T,Q,L	0.0010168137254902	0.00502394965074389	1021
219	N	ASN1022	0.677	3	0.286	0.929	4,2	203/204	E,P,I,R,S,M,K,V,L,N,T,Q,A,H,D,G	0.00142891625615764	0.0055264741600289	1022
220	V	VAL1023	-0.42	6	-0.637	-0.293	7,6	194/204	H,G,S,L,N,A,Q,T,E,I,P,V,F,M,Y	0.00293685567010309	0.010101435947264	1023
221	L	LEU1024	-0.554	7	-0.81	-0.467	7,6	194/204	S,G,A,T,L,V,P,K,R,I,E,F	0.00449912371134021	0.0189752291419576	1024
222	P	PRO1025	0.952	2	0.518	1.093	3,2	193/204	M,V,K,Q,T,A,N,L,G,D,H,F,R,P,E,S	0.00462746113989637	0.0200684227830636	1025
223	T	THR1026	-0.29	6	-0.552	-0.114	7,5	189/204	E,K,I,R,V,M,F,D,G,S,N,T,A,Q	0.00514820105820106	0.0240239087901013	1026
224	I	ILE1027	-0.056	5	-0.293	0.079	6,5	191/204	N,C,T,Q,A,L,S,G,H,M,V,E,I,P,K	0.0067948167539267	0.0293793254704362	1027
225	T	THR1028	0.173	4	-0.114	0.398	5,4	194/204	A,T,L,G,S,M,F,V,E,I,R,K	0.0113716494845361	0.0438995651230225	1028
226	E	GLU1029	-0.368	6	-0.637	-0.204	7,6	178/204	P,R,K,E,V,H,G,S,L,T,Q,A,N	0.0100915168539326	0.0415927640171955	1029
227	G	GLY1030	0.918	2	0.518	1.093	3,2	186/204	A,Q,T,N,L,G,D,M,V,C,S,F,P,R,I,E	0.0222034946236559	0.0783740015369305	1030
228	I	ILE1031	-0.108	5	-0.381	0.079	6,5	189/204	A,T,L,G,S,Y,F,M,V,I	0.0386416931216931	0.107137148112262	1031
229	P	PRO1032	-0.636	7	-0.81	-0.552	7,7	204/204	E,I,P,K,R,V,Y,D,S,G,Q,A,T	0.224236029411765	0.270276674396035	1032
230	I	ILE1033	-0.11	5	-0.381	0.079	6,5	204/204	L,N,A,G,S,F,Y,E,P,K,I,V	0.24364112745098	0.274450483310493	1033
231	V	VAL1034	0.513	3	0.181	0.643	4,3	204/204	M,F,V,I,P,T,A,L,G,S	0.260059852941176	0.281708400063755	1034
232	S	SER1035	-0.539	7	-0.81	-0.381	7,6	204/204	G,S,D,A,T,N	0.263744656862745	0.283850557037367	1035
233	T	THR1036	1.299	1	0.929	1.488	2,1	204/204	S,G,Q,A,T,N,L,V,P,R,I,F,M	0.265640245098039	0.284969293992631	1036
234	I	ILE1037	0.317	4	-0.018	0.518	5,3	204/204	I,V,G,L,F,A	0.26574112745098	0.285012687050087	1037
235	L	LEU1038	-0.817	7	-1.09	-0.723	8,7	204/204	Y,T,M,F,L,V,I	0.26549931372549	0.284735071552383	1038
236	D	ASP1039	-0.905	8	-1.09	-0.81	8,7	204/204	V,H,D,S,G,L,N,A,Q	0.264087107843137	0.283354150373625	1039
237	G	GLY1040	-0.095	5	-0.381	0.079	6,5	204/204	F,M,V,P,I,E,A,T,L,G	0.2631575	0.282292424676398	1040
238	I	ILE1041	-0.525	7	-0.723	-0.381	7,6	204/204	V,I,F,S,G,A,T,L	0.261029607843137	0.280979585524676	1041
239	N	ASN1042	-1.117	8	-1.323	-1.09	9,8	204/204	L,N,A,T,S,G,M,F,V	0.256873039215686	0.278582392249593	1042
240	L	LEU1043	-1.052	8	-1.323	-0.992	9,8	204/204	V,I,F,A,T,L	0.254416421568627	0.276921847779788	1043
241	G	GLY1044	-0.215	6	-0.467	-0.018	6,5	204/204	V,I,Y,S,G,T,A,L	0.246781764705882	0.272339391680509	1044
242	A	ALA1045	-1.052	8	-1.323	-0.992	9,8	204/204	A,T,F,L,V,G,I	0.233540098039216	0.262915615554598	1045
243	A	ALA1046	-1.252	9	-1.506	-1.197	9,9	204/204	M,I,N,A,T,L,D,S	0.187323676470588	0.223891960091929	1046
244	I	ILE1047	-0.766	7	-0.992	-0.637	8,7	204/204	A,L,G,S,V,I	0.176933823529412	0.216674879583332	1047
245	K	LYS1048	-0.692	7	-0.899	-0.552	8,7	204/204	L,T,A,H,S,G,D,Y,F,K,I,V	0.162512794117647	0.207852214957161	1048
246	E	GLU1049	-1.365	9	-1.733	-1.323	9,9	204/204	E,D,G,S,N,A,Q,L	0.136523529411765	0.192738647077168	1049
247	L	LEU1050	-1.48	9	-1.733	-1.506	9,9	204/204	I,V,L,F,Y	0.129084705882353	0.18619508710088	1050
248	L	LEU1051	-0.141	5	-0.381	-0.018	6,5	204/204	S,G,H,N,T,Q,A,L,V,E,R,I,K,M,Y	0.109558088235294	0.173886316831015	1051
249	D	ASP1052	-0.251	6	-0.467	-0.114	6,5	204/204	Y,M,V,R,I,K,E,A,Q,T,N,L,D,H	0.078448137254902	0.16087344096017	1052
250	E	GLU1053	-1.311	9	-1.506	-1.197	9,9	204/204	S,G,V,E,T,A	0.041818137254902	0.0921452015192085	1053
251	H	HIS1054	0.379	4	0.079	0.518	5,3	204/204	M,K,R,E,T,Q,A,N,C,H,G,S,D	0.00776225490196078	0.0280151907739746	1054
252	D	ASP1055	-0.858	8	-1.09	-0.81	8,7	203/204	N,T,E,R,D,S	0.00204197044334975	0.00385590084748775	1055
253	P	PRO1056	-0.075	5	-0.293	0.079	6,5	204/204	H,D,S,G,L,N,Q,T,A,E,R,P,V,Y	0.00128112745098039	0.00790422087176134	1056
254	L	LEU1057	0.264	4	-0.018	0.398	5,4	204/204	G,S,Q,A,T,N,L,V,P,I,E,M,F	0.00197269607843137	0.0153110123633908	1057
255	L	LEU1058	-1.025	8	-1.197	-0.992	9,8	204/204	L,Q,A,H,G,S,D,Y,R,E,V	0.00535990196078431	0.0485770700330441	1058
256	K	LYS1059	-0.398	6	-0.637	-0.293	7,6	204/204	I,K,R,E,V,L,T,Q,A	0.00926754901960784	0.0608203933088151	1059
257	K	LYS1060	-1.09	8	-1.323	-0.992	9,8	204/204	K,I,E,V,T,Q,A,N,S,G	0.0243292647058824	0.0734504598767559	1060
258	E	GLU1061	-0.65	7	-0.899	-0.552	8,7	204/204	V,E,R,P,I,T,A,Q,L,G	0.0464387254901961	0.0940793839849011	1061
259	L	LEU1062	-0.358	6	-0.637	-0.204	7,6	204/204	V,I,Y,F,S,H,A,T,L	0.0724708823529412	0.105024858479909	1062
260	E	GLU1063	-0.47	6	-0.723	-0.293	7,6	204/204	G,S,I,K,E,T,A	0.0899038235294118	0.114490464615057	1063
261	A	ALA1064	-1.427	9	-1.733	-1.323	9,9	204/204	T,A,M,S,V	0.107259166666667	0.123039033743058	1064
262	K	LYS1065	-1.47	9	-1.733	-1.506	9,9	204/204	L,N,Q,H,K,R,S	0.154364607843137	0.162870706457647	1065
263	V	VAL1066	-1.463	9	-1.733	-1.506	9,9	204/204	L,V,I	0.265119068627451	0.233597027537804	1066
264	G	GLY1067	-0.712	7	-0.899	-0.637	8,7	204/204	L,F,A,T,S,G,V	0.292677647058824	0.242744175794438	1067
265	V	VAL1068	-1.142	8	-1.323	-1.09	9,8	204/204	M,F,A,T,L,V,I	0.318006519607843	0.251072618278863	1068
266	L	LEU1069	-1.192	9	-1.506	-1.09	9,8	204/204	L,N,A,D,G,S,M,Y,I	0.327718235294118	0.254494440623367	1069
267	A	ALA1070	-0.581	7	-0.81	-0.467	7,6	204/204	Y,W,I,V,L,T,A,C,S,G	0.376557990196078	0.25234849189163	1070
268	I	ILE1071	-0.503	7	-0.723	-0.381	7,6	204/204	L,A,T,S,G,M,F,I,V	0.43990068627451	0.258394800761568	1071
269	N	ASN1072	-0.584	7	-0.81	-0.467	7,6	204/204	N,A,Q,T,S,G,M,Y,I	0.486009705882353	0.266003618077753	1072
270	M	MET1073	-0.135	5	-0.381	0.079	6,5	203/204	A,T,L,G,S,M,F,V,I	0.540974137931034	0.279129939081611	1073
271	S	SER1074	0.041	5	-0.204	0.181	6,4	203/204	M,V,I,A,T,L,S,G	0.554504088669951	0.28174558272611	1074
272	L	LEU1075	-0.142	5	-0.381	-0.018	6,5	199/204	S,D,A,T,N,L,V,I,M,F	0.568179095477387	0.281344423589728	1075
273	S	SER1076	0.215	4	-0.114	0.398	5,4	199/204	V,E,I,W,M,D,G,S,N,A,Q,T	0.573017085427136	0.280240332136737	1076
274	I	ILE1077	1.405	1	0.929	1.737	2,1	200/204	I,G,S,V,L,T,A	0.58023385	0.280946728695139	1077
275	A	ALA1078	-0.136	5	-0.381	0.079	6,5	167/204	F,M,I,V,L,T,A,S,G	0.558331017964072	0.276142792372131	1078
276	A	ALA1079	-0.383	6	-0.637	-0.204	7,6	153/204	T,A,E,G,S,D	0.57174522875817	0.28136535323566	1079
277	T	THR1080	0.938	2	0.518	1.278	3,1	153/204	M,F,Y,V,I,A,T,L,G	0.57699568627451	0.280176130632155	1080
278	V	VAL1081	-0.244	6	-0.552	-0.018	7,5	153/204	I,S,G,V,L,A,T	0.576801895424837	0.277873569681078	1081
279	A	ALA1082	-0.874	8	-1.09	-0.81	8,7	203/204	V,I,F,S,G,A,T,L	0.588524679802956	0.275110098531714	1082
280	S	SER1083	-0.203	6	-0.467	-0.018	6,5	203/204	Y,V,W,A,T,Q,N,L,G,S,D	0.587220886699507	0.272422740529541	1083
281	I	ILE1084	1.206	1	0.779	1.488	3,1	203/204	G,S,L,T,A,R,I,W,V,M,F,Y	0.581630246305419	0.270340436742375	1084
282	V	VAL1085	0.938	2	0.518	1.093	3,2	202/204	I,V,M,F,G,S,L,T,A	0.57242801980198	0.265294685887672	1085
283	G	GLY1086	-0.807	7	-1.09	-0.637	8,7	202/204	A,D,S,G,V,E,P	0.544141188118812	0.255449053166684	1086
284	I	ILE1087	-0.349	6	-0.552	-0.204	7,6	204/204	G,V,I,F,T,A,L	0.524648970588235	0.224139125064433	1087
285	G	GLY1088	-0.858	8	-1.09	-0.723	8,7	204/204	A,V,S,G	0.528716176470588	0.221992673992839	1088
286	A	ALA1089	-0.563	7	-0.81	-0.467	7,6	204/204	M,I,E,V,L,A,T,G,S	0.549001029411765	0.229310245725091	1089
287	E	GLU1090	0.049	5	-0.204	0.181	6,4	204/204	L,T,A,G,S,F,M,I,E,V	0.573972941176471	0.234376460048368	1090
288	V	VAL1091	-0.778	7	-0.992	-0.637	8,7	204/204	I,V,F,M,G,L,A,T	0.570320441176471	0.225588850478909	1091
289	T	THR1092	-0.679	7	-0.899	-0.552	8,7	204/204	G,S,N,A,T,V,E,M	0.55847637254902	0.225404813393731	1092
290	I	ILE1093	0.225	4	-0.114	0.398	5,4	204/204	W,I,P,E,V,Y,F,M,S,G,D,L,A,T	0.572399901960784	0.232392362829479	1093
291	F	PHE1094	-0.484	6	-0.723	-0.381	7,6	204/204	F,P,I,V,L,C,A,T,S,G	0.668421666666667	0.236101186753415	1094
292	L	LEU1095	-0.532	7	-0.81	-0.381	7,6	204/204	V,S,G,L,T,A	0.688845343137255	0.24178251955007	1095
293	L	LEU1096	-1.147	8	-1.323	-1.09	9,8	204/204	V,D,I,A,T,M,L	0.708940735294118	0.251693581821227	1096
294	P	PRO1097	-0.884	8	-1.09	-0.81	8,7	204/204	M,V,P,W,I,A,L,G	0.718362647058824	0.264064073710313	1097
295	I	ILE1098	-0.393	6	-0.637	-0.204	7,6	204/204	V,I,M,C,F,A,L	0.718906470588235	0.266160705986303	1098
296	A	ALA1099	-0.955	8	-1.197	-0.81	9,7	204/204	L,A,T,G,S,F,M,V	0.715165441176471	0.266689401488523	1099
297	G	GLY1100	-1.428	9	-1.733	-1.323	9,9	203/204	A,L,G	0.708446354679803	0.266992964985957	1100
298	I	ILE1101	-0.827	7	-1.09	-0.723	8,7	204/204	L,F,I,V	0.705037941176471	0.267752038498082	1101
299	S	SER1102	-0.756	7	-0.992	-0.637	8,7	203/204	A,T,L,G,V,S	0.699696699507389	0.266923156625672	1102
300	A	ALA1103	-0.748	7	-0.992	-0.637	8,7	204/204	S,A,L,V,I,M,F,Y	0.686758039215686	0.270050242025093	1103
301	G	GLY1104	-1.346	9	-1.733	-1.197	9,9	204/204	V,G,A,T,N	0.669582549019608	0.269791286180427	1104
302	I	ILE1105	-0.546	7	-0.81	-0.381	7,6	204/204	L,F,T,A,E,I,V	0.65871431372549	0.269831105964142	1105
303	P	PRO1106	-0.547	7	-0.81	-0.467	7,6	204/204	G,S,N,T,Q,A,V,I,P,M	0.636583676470588	0.270894582135301	1106
304	S	SER1107	-1.126	8	-1.323	-1.09	9,8	204/204	Y,E,I,V,L,T,A,S,G	0.6178325	0.26902335419731	1107
305	L	LEU1108	-1.307	9	-1.506	-1.197	9,9	204/204	L,F,A,I,V	0.599614362745098	0.265645693117742	1108
306	V	VAL1109	-1.188	9	-1.506	-1.09	9,8	204/204	V,I,A,T,M,L	0.548328823529412	0.258960280881975	1109
307	N	ASN1110	-0.717	7	-0.899	-0.637	8,7	204/204	F,R,K,E,Q,A,N,G,S,D,H	0.428258529411765	0.257977060871229	1110
308	N	ASN1111	-1.083	8	-1.323	-0.992	9,8	204/204	G,S,T,Q,A,N,V,I,Y	0.399339264705882	0.252519972607052	1111
309	E	GLU1112	-0.878	8	-1.09	-0.723	8,7	204/204	N,T,L,S,F,Y,E,I	0.363223823529412	0.244565891603976	1112
310	L	LEU1113	-0.593	7	-0.81	-0.467	7,6	204/204	L,Q,T,A,N,S,G,M,F,I,E,V	0.289489803921569	0.223383608284511	1113
311	I	ILE1114	0.709	3	0.398	0.929	4,2	204/204	M,V,E,P,I,K,R,N,Q,T,A,L,D,G,S	0.237604656862745	0.211364002966749	1114
312	L	LEU1115	-1.154	8	-1.323	-1.09	9,8	204/204	V,K,R,I,H,T,A,Q,N,L	0.203204705882353	0.194065695664904	1115
313	H	HIS1116	-0.558	7	-0.81	-0.467	7,6	204/204	V,I,K,R,E,M,F,S,G,H,A,Q,T,N,L	0.140627401960784	0.157745897824346	1116
314	D	ASP1117	-0.637	7	-0.81	-0.552	7,7	204/204	V,E,K,R,M,D,G,S,H,N,A,Q,L	0.019133137254902	0.0277965252277994	1117
315	K	LYS1118	-0.354	6	-0.552	-0.204	7,6	204/204	E,K,R,Y,D,G,S,H,N,A,Q	0.00534171568627451	0.00903138378660953	1118
316	A	ALA1119	-1.151	8	-1.323	-1.09	9,8	204/204	H,S,G,T,A,C,N,I,E,V,Y,F	0.00321416666666667	0.00537259079164326	1119
317	T	THR1120	-0.212	6	-0.467	-0.114	6,5	204/204	V,I,R,K,E,Q,T,A,N,L,D	0.000649411764705882	0.00148018593129071	1120
318	S	SER1121	-0.21	6	-0.467	-0.114	6,5	204/204	I,R,K,E,V,Y,H,S,G,D,L,A,T,Q,N	0.000515539215686274	0.00136558192486883	1121
319	V	VAL1122	-1.282	9	-1.506	-1.197	9,9	204/204	L,T,A,I,D,V,S	0.00045671568627451	0.00129048755347119	1122
320	V	VAL1123	-0.847	8	-1.09	-0.723	8,7	204/204	S,G,L,A,T,E,I,K,V,F,Y	0.000400882352941176	0.00123159122748103	1123
321	N	ASN1124	0.689	3	0.398	0.929	4,2	204/204	V,K,Y,D,G,H,N,Q,T,A,L,E,I,R,S,C	0.000355098039215686	0.00120532091681363	1124
322	Y	TYR1125	-0.911	8	-1.09	-0.81	8,7	204/204	A,Q,L,D,H,F,Y,E,K,R,I	0.000338480392156863	0.00118293246067144	1125
323	F	PHE1126	-1.427	9	-1.733	-1.323	9,9	204/204	L,F,M,I,W	0.000328725490196078	0.00116701435533328	1126
324	N	ASN1127	0.226	4	-0.018	0.398	5,4	204/204	L,N,Q,T,A,H,D,S,G,M,F,Y,E,K,R	0.000299852941176471	0.00114299170055091	1127
325	H	HIS1128	1.654	1	1.093	2.041	2,1	204/204	F,R,I,E,S,M,W,K,L,Q,T,A,N,H,G,D	0.000298970588235294	0.00113767605972204	1128
326	L	LEU1129	-0.135	5	-0.381	-0.018	6,5	204/204	E,I,V,F,M,Y,L,A,T	0.000299166666666667	0.00113286453768989	1129
327	S	SER1130	-0.074	5	-0.293	0.079	6,5	204/204	E,I,R,F,S,C,K,V,M,Y,H,D,G,L,N,Q,A,T	0.000242941176470588	0.00105945202699696	1130
328	E	GLU1131	1.162	2	0.779	1.488	3,1	204/204	L,N,A,T,Q,H,D,S,Y,E,P,I,K,R,V	0.000247058823529412	0.00106166482166788	1131
329	S	SER1132	-0.911	8	-1.09	-0.81	8,7	204/204	V,I,K,D,G,S,H,N,A,T,Q	0.000283529411764706	0.00108278435740822	1132
330	K	LYS1133	-0.955	8	-1.197	-0.81	9,7	204/204	H,A,N,C,L,V,I,W,K,E,Y	0.000338921568627451	0.00117974691020716	1133
331	K	LYS1134	0.505	3	0.181	0.643	4,3	204/204	G,S,H,N,T,A,Q,L,V,E,R,I,K,Y	0.000391078431372549	0.00139622743419738	1134
332	Y	TYR1135	1.342	1	0.929	1.737	2,1	181/204	D,G,H,N,A,T,Q,L,K,M,Y,S,E,R,P,I	0.00052767955801105	0.00168588886119519	1135
333	G	GLY1136	0.2	4	-0.114	0.398	5,4	204/204	T,Q,A,N,H,G,S,D,I,K,P,R,E,V	0.00084656862745098	0.00334931961184091	1136
334	P	PRO1137	-0.403	6	-0.637	-0.204	7,6	204/204	G,S,L,N,A,Q,T,I,P,V	0.000989117647058823	0.00413711057946027	1137
335	L	LEU1138	-0.41	6	-0.637	-0.293	7,6	204/204	H,G,L,Q,C,W,I,V,Y,F,M	0.0010093137254902	0.00433289610875553	1138
336	K	LYS1139	0.611	3	0.286	0.779	4,3	204/204	R,I,K,E,V,Y,H,G,S,D,L,A,T,Q,N	0.000916813725490196	0.00430595705416612	1139
337	T	THR1140	0.829	3	0.518	1.093	3,2	204/204	L,N,T,A,Q,H,Y,W,K,V,C,S,F,E,R,I	0.000927450980392157	0.00434768568440649	1140
338	E	GLU1141	0.001	5	-0.293	0.181	6,4	166/204	E,K,R,I,V,L,N,Q,T,A,H,D,G,S	0.000441144578313253	0.00183222216882673	1141
339	D	ASP1142	2.64	1	1.737	3.044	1,1	159/204	K,R,I,P,E,L,T,Q,A,N,H,S,G,D	0.000567861635220126	0.00222065401609864	1142
340	D	ASP1143	1.162	2	0.779	1.488	3,1	204/204	H,G,D,L,Q,A,T,N,K,V,Y,M,S,R,I,P,E,F	0.00193009803921569	0.00760339682905573	1143
341	K	LYS1144	1.499	1	1.093	1.737	2,1	204/204	G,D,H,A,Q,T,N,V,K,M,S,P,I,R,E,F	0.00415539215686274	0.0243383331077982	1144
342	I	ILE1145	0.033	5	-0.204	0.181	6,4	204/204	G,S,L,A,T,R,W,I,V,F,M	0.00644480392156863	0.0389009466429168	1145
343	L	LEU1146	-0.607	7	-0.81	-0.467	7,6	204/204	V,W,I,F,M,Y,C,A,L	0.0074118137254902	0.0463541081779173	1146
344	V	VAL1147	0.965	2	0.643	1.278	3,1	204/204	S,C,E,I,R,F,H,G,L,N,T,A,Q,K,V,M,Y	0.00801156862745098	0.0522817869415645	1147
345	P	PRO1148	-0.538	7	-0.81	-0.381	7,6	204/204	F,M,V,P,I,N,A,L,S	0.00809191176470588	0.0529554567237387	1148
346	I	ILE1149	0.821	3	0.518	1.093	3,2	204/204	P,I,R,E,S,Y,M,V,K,T,A,Q,N,L,G,D,H	0.00824774509803922	0.0542579548077054	1149
347	D	ASP1150	0.755	3	0.398	0.929	4,2	203/204	P,I,E,V,Y,F,M,S,G,D,T,A,N	0.0081328078817734	0.0547153010030919	1150
348	D	ASP1151	-0.198	6	-0.467	-0.018	6,5	204/204	F,E,P,R,C,S,Y,K,L,N,A,Q,T,H,D,G	0.00830661764705882	0.0547689581980467	1151
349	L	LEU1152	-0.976	8	-1.197	-0.899	9,8	204/204	S,G,C,A,T,L,V,I,P,M	0.0083628431372549	0.055165588713288	1152
350	V	VAL1153	-1.168	8	-1.323	-1.09	9,8	204/204	M,V,E,I,P,C,A,L,S,G	0.00835985294117647	0.0552371575915706	1153
351	I	ILE1154	-0.783	7	-0.992	-0.723	8,7	204/204	V,I,Y,F,L	0.0082968137254902	0.055267930671716	1154
352	S	SER1155	0.317	4	-0.018	0.518	5,3	204/204	N,C,A,T,Q,L,D,S,G,H,V,E,K,R	0.00812024509803922	0.0552363223418337	1155
353	E	GLU1156	1.801	1	1.278	2.041	1,1	204/204	K,V,M,H,D,G,L,A,Q,T,E,I,R,F,S,C	0.00801637254901961	0.0551935150807939	1156
354	I	ILE1157	-0.476	6	-0.723	-0.381	7,6	204/204	V,I,M,L	0.00793612745098039	0.0551912287794951	1157
355	D	ASP1158	-1.226	9	-1.506	-1.197	9,9	204/204	N,S,D	0.00779617647058824	0.0551521951926638	1158
356	F	PHE1159	-1.147	8	-1.323	-1.09	9,8	204/204	I,L,Q,A,M,F	0.00776558823529412	0.055133269770737	1159
357	N	ASN1160	1.212	1	0.779	1.488	3,1	201/204	C,S,E,R,P,I,L,N,Q,T,A,H,D,G,Y,K,V	0.00560228855721393	0.0499483896110407	1160
358	N	ASN1161	0.965	2	0.518	1.278	3,1	204/204	H,S,G,D,A,Q,T,N,R,K,E,Y	0.00731828431372549	0.0540937085794583	1161
359	N	ASN1162	1.064	2	0.643	1.278	3,1	204/204	Q,T,A,N,H,S,G,D,K,R,E	0.00710294117647059	0.0532802239319884	1162
360	S	SER1163	1.023	2	0.643	1.278	3,1	204/204	S,C,E,R,F,D,H,N,A,Q,T,L,V,K,M,Y	0.00668651960784314	0.0514973886768694	1163
361	I	ILE1164	-0.409	6	-0.637	-0.293	7,6	204/204	V,I,F,M,T,A,L	0.0062178431372549	0.0484591270997107	1164
362	K	LYS1165	2.391	1	1.737	3.044	1,1	204/204	L,Q,A,T,N,H,G,D,Y,M,K,V,S,F,I,R,E	0.00476544117647059	0.0401957378117139	1165
363	L	LEU1166	-0.736	7	-0.992	-0.637	8,7	204/204	I,V,L,Y,F,M	0.00416279411764706	0.0357642004665502	1166
364	G	GLY1167	-0.62	7	-0.899	-0.467	8,6	204/204	D,S,G,N,A,E,R,K	0.00125632352941176	0.00954641055042554	1167
365	T	THR1168	-1.148	8	-1.323	-1.09	9,8	204/204	R,P,K,E,Y,H,S,G,D,T,N	0.000788872549019608	0.00538256226671878	1168
366	C	CYS1169	-1.057	8	-1.323	-0.992	9,8	204/204	S,H,T,Q,A,C,L,V,I,P,E	0.000810735294117647	0.00414756869233825	1169
367	N	ASN1170	0.142	5	-0.114	0.286	5,4	204/204	C,S,F,E,R,L,N,Q,A,T,H,D,G,M,Y,W,K	0.0012268137254902	0.00507631767403228	1170
368	I	ILE1171	-0.93	8	-1.09	-0.81	8,7	204/204	F,M,T,L,S,V,I	0.00176877450980392	0.00682289495266566	1171
369	L	LEU1172	-0.869	8	-1.09	-0.723	8,7	204/204	D,S,L,N,T,Q,I,K,W,V,F,M,Y	0.00190392156862745	0.0074028816326296	1172
370	A	ALA1173	-0.762	7	-0.992	-0.637	8,7	204/204	T,A,S,G,D,P,K,R	0.00190235294117647	0.00740223507405484	1173
371	M	MET1174	-0.817	7	-0.992	-0.723	8,7	204/204	L,Q,T,A,C,N,S,G,F,M,P,I,W,E,V	0.00202039215686275	0.00768077542800886	1174
372	E	GLU1175	0.682	3	0.398	0.929	4,2	204/204	Y,W,K,V,L,Q,T,N,H,G,D,F,R,P,I,E,S	0.00202088235294118	0.00775534611131496	1175
373	G	GLY1176	0.155	5	-0.114	0.398	5,4	146/204	V,K,G,D,H,T,Q,A,N,L,R,P,I,E,F,S	0.00292041095890411	0.00924035488769981	1176
374	G	GLY1177	0.145	5	-0.114	0.286	5,4	199/204	V,P,W,R,K,M,Y,D,S,G,H,N,Q,A	0.002188391959799	0.00811599638991709	1177
375	S	SER1178	-0.397	6	-0.637	-0.293	7,6	199/204	L,T,A,N,H,G,S,D,W,R,P,K,I,E	0.00221949748743719	0.00817725422222476	1178
376	G	GLY1179	0.049	5	-0.204	0.181	6,4	199/204	S,G,A,T,N,L,V,W,P,I,R,E,Y,F	0.00226653266331658	0.00824249052399025	1179
377	H	HIS1180	-1.1	8	-1.506	-0.992	9,8	24/204	L,Y,H	0.000305	0.000850278726679363	1180
378	T	THR1181	-0.915	8	-1.197	-0.723	9,7	23/204	V,S,A,Q,T,F	0.000349130434782609	0.00101525595986018	1181
379	V	VAL1182	-0.298	6	-0.637	-0.114	7,5	106/204	R,I,V,F,Y,H,D,G,L,T,A	0.00433660377358491	0.0110870141016023	1182
380	T	THR1183	-1.029	8	-1.323	-0.899	9,8	106/204	S,G,L,N,T,A,E,W,P,I,V,F	0.00435603773584906	0.0111068573137967	1183
381	G	GLY1184	-0.509	7	-0.81	-0.293	7,6	107/204	N,T,D,G,S,F,E,W,K,R,P	0.00430598130841121	0.0110404374964426	1184
382	N	ASN1185	1.146	2	0.643	1.488	3,1	102/204	G,S,D,H,A,N,K,W,R,E,Y	0.00450588235294118	0.0112572764897297	1185
383	I	ILE1186	-0.448	6	-0.723	-0.293	7,6	107/204	H,S,L,N,A,T,E,K,R,W,I,V,M,F,Y	0.00424794392523365	0.0109037593256082	1186
384	D	ASP1187	-1.377	9	-1.733	-1.323	9,9	107/204	E,G,S,D,C,N	0.00421869158878505	0.0108514769957315	1187
385	H	HIS1188	-0.621	7	-0.899	-0.467	8,6	106/204	Y,F,P,W,V,A,T,C,N,H,S,G	0.00426075471698113	0.0108725054455297	1188
386	F	PHE1189	-0.498	6	-0.81	-0.293	7,6	107/204	I,V,Y,F,M,S,D,L,A,T	0.00419607476635514	0.0107523843566368	1189
387	F	PHE1190	0.09	5	-0.293	0.286	6,4	109/204	H,G,S,L,T,A,N,I,R,V,F	0.00406266055045872	0.0105090445738863	1190
388	S	SER1191	-0.715	7	-0.899	-0.637	8,7	204/204	P,E,V,Y,H,S,G,D,L,T,Q,A,N	0.000695392156862745	0.00226038475802736	1191
389	S	SER1192	0.01	5	-0.293	0.181	6,4	204/204	K,V,M,Y,D,G,L,N,T,Q,A,E,R,I,P,F,S	0.000546078431372549	0.00196460410123933	1192
390	P	PRO1193	-1.229	9	-1.506	-1.197	9,9	204/204	T,A,P,S,G,D	0.000351960784313726	0.00161385017660972	1193
391	S	SER1194	0.41	4	0.079	0.643	5,3	204/204	V,E,I,M,Y,D,G,S,N,A,Q,T,L	0.000268970588235294	0.00146156182712198	1194
392	I	ILE1195	1.68	1	1.278	2.041	1,1	204/204	E,R,I,P,F,S,V,K,M,Y,D,G,H,N,Q,T,A,L	0.000156421568627451	0.00103508712597068	1195
393	S	SER1196	-0.903	8	-1.09	-0.81	8,7	204/204	E,P,K,R,N,A,T,H,D,S,G	7.10294117647059e-05	0.000595704177516813	1196
394	S	SER1197	1.522	1	0.643	2.041	3,1	34/204	Y,R,E,Q,A,H,S,D	0.000117058823529412	0.0004203211572391	1197
395	H	HIS1198	-0.194	6	-0.467	-0.018	6,5	204/204	P,I,R,K,E,Y,F,M,H,S,D,L,Q,T,N	2.50490196078431e-05	0.000178878546872043	1198
396	I	ILE1199	2.265	1	1.737	2.442	1,1	204/204	Y,E,P,R,I,K,N,A,Q,T,L,D,G,S,H	2.57843137254902e-05	0.000181517610455399	1199
397	P	PRO1200	0	5	-0.293	0.181	6,4	204/204	E,R,P,C,S,M,K,V,L,N,T,Q,A,H,D,G	2.44117647058824e-05	0.000181450496876076	1200
398	S	SER1201	-0.865	8	-1.09	-0.723	8,7	204/204	A,T,H,S,G,M,F,Y,E,P,K,W,V	3.71078431372549e-05	0.000202606094903082	1201
399	L	LEU1202	-0.923	8	-1.09	-0.81	8,7	204/204	I,V,L,F,T	4.11274509803922e-05	0.000213170306880068	1202
400	S	SER1203	-0.852	8	-1.09	-0.723	8,7	204/204	V,E,P,I,D,G,S,H,N	4.19607843137255e-05	0.000217860348525105	1203
401	I	ILE1204	-1.016	8	-1.197	-0.899	9,8	204/204	L,F,M,I,V	6.33333333333333e-05	0.0003853354583154	1204
402	Y	TYR1205	-1.36	9	-1.733	-1.323	9,9	204/204	Y,R,P,Q,A,C,S,G,D	6.69607843137255e-05	0.000418759108047551	1205
403	S	SER1206	-0.096	5	-0.381	0.079	6,5	204/204	H,D,G,S,L,N,T,A,Q,E,I,P,R,K,V	9.45588235294118e-05	0.000550328429902727	1206
404	A	ALA1207	-0.286	6	-0.552	-0.114	7,5	204/204	V,K,R,E,G,S,H,Q,T,A,N,L	0.000221225490196078	0.0010066497955956	1207
405	I	ILE1208	-0.97	8	-1.197	-0.899	9,8	204/204	V,W,I,M,F,L	0.000318970588235294	0.00135064531889605	1208
406	G	GLY1209	0.997	2	0.643	1.278	3,1	204/204	Y,E,R,K,N,A,Q,L,D,S,G,H	0.000342352941176471	0.0013927024277134	1209
407	I	ILE1210	-0.54	7	-0.81	-0.381	7,6	204/204	H,S,L,A,Q,K,R,I,V,Y,F,M	0.000363823529411765	0.0014247516725067	1210
408	E	GLU1211	1.479	1	1.093	1.737	2,1	204/204	Y,E,R,P,K,V,N,T,A,Q,H,D,G,S	0.000423774509803922	0.00168660032558496	1211
409	T	THR1212	3.433	1	2.442	4.553	1,1	200/204	L,A,Q,T,N,H,G,D,Y,M,K,V,S,P,I,R,E	0.00073045	0.00391773743768687	1212
410	E	GLU1213	1.72	1	1.278	2.041	1,1	204/204	K,V,Y,H,D,G,L,N,Q,A,T,E,P,R,I,S	0.00111799019607843	0.00731844302130317	1213
411	N	ASN1214	1.534	1	1.093	1.737	2,1	204/204	Y,M,V,W,K,Q,A,T,N,L,G,H,F,P,I,R,E,C,S	0.00138980392156863	0.00931669389767844	1214
412	L	LEU1215	3.963	1	2.442	4.553	1,1	203/204	N,A,Q,T,L,D,G,H,M,Y,V,K,S,E,I,R,P	0.00155635467980296	0.0100935764551401	1215
413	D	ASP1216	2.157	1	1.488	2.442	1,1	202/204	S,F,E,R,I,P,L,N,A,Q,T,H,D,G,Y,K,V	0.00188965346534653	0.0120904023602422	1216
414	F	PHE1217	2.43	1	1.488	3.044	1,1	46/204	L,N,A,T,D,S,G,F,Y,I,P	0.000771521739130435	0.00220804485400426	1217
415	S	SER1218	1.51	1	1.093	1.737	2,1	204/204	S,P,R,E,L,T,Q,A,N,H,G,D,Y,M,K,V	0.00264504901960784	0.0133690253907704	1218
416	K	LYS1219	0.509	3	0.181	0.643	4,3	204/204	V,P,R,K,I,E,Y,F,S,G,D,T,A,N,L	0.0034453431372549	0.0167112667336222	1219
417	K	LYS1220	0.528	3	0.181	0.779	4,3	202/204	H,D,G,S,L,N,T,A,Q,E,I,P,R,K,Y	0.00384519801980198	0.0179955096170824	1220
418	I	ILE1221	1.515	1	1.093	1.737	2,1	204/204	V,K,P,R,I,M,F,S,G,H,N,C,A,T,L	0.00449024509803922	0.0197200855681835	1221
419	M	MET1222	-0.045	5	-0.293	0.079	6,5	204/204	W,I,V,Y,M,F,L,T,A	0.0054356862745098	0.0262037148500074	1222
420	M	MET1223	-0.605	7	-0.81	-0.467	7,6	204/204	H,S,L,A,T,I,V,F,M,Y	0.00551269607843137	0.026710043443884	1223
421	L	LEU1224	-1.504	9	-1.733	-1.506	9,9	204/204	P,L	0.00547205882352941	0.0267476286260983	1224
422	P	PRO1225	-1.503	9	-1.733	-1.506	9,9	204/204	P	0.00535259803921569	0.0267091233580745	1225
423	N	ASN1226	-0.39	6	-0.637	-0.204	7,6	204/204	M,Y,V,I,N,C,T,A,D,S,G	0.00532308823529412	0.026736584017009	1226
424	A	ALA1227	-0.92	8	-1.09	-0.81	8,7	204/204	A,T,N,L,S,G,M,V,R,K,I	0.00528897058823529	0.0268105344603272	1227
425	P	PRO1228	-0.841	8	-1.09	-0.723	8,7	204/204	P,I,V,G,L,M,A	0.0052403431372549	0.0267981796562118	1228
426	S	SER1229	0.272	4	-0.018	0.398	5,4	204/204	S,R,I,E,F,G,D,H,A,T,Q,N,L,V,K,M	0.00520848039215686	0.0267973368492363	1229
427	R	ARG1230	-1.021	8	-1.197	-0.899	9,8	204/204	H,S,L,Q,T,A,C,N,K,I,R,V,Y	0.00519338235294118	0.0267123171868064	1230
428	V	VAL1231	0.409	4	0.079	0.643	5,3	204/204	C,N,T,L,D,S,H,F,Y,V,E,R,I,K,W	0.0051978431372549	0.026679242761739	1231
429	F	PHE1232	-0.912	8	-1.09	-0.81	8,7	204/204	Y,M,F,L,V,I	0.00507799019607843	0.0263118694933742	1232
430	W	TRP1233	0.388	4	0.079	0.643	5,3	204/204	V,K,W,R,Y,D,G,S,H,N,Q,T,A,L	0.00465362745098039	0.025280090115245	1233
431	W	TRP1234	-1.035	8	-1.323	-0.899	9,8	204/204	H,L,Q,I,P,W,V,F,M,Y	0.00428279411764706	0.0245629233497256	1234
432	E	GLU1235	-0.148	5	-0.381	-0.018	6,5	204/204	D,G,S,H,C,N,T,A,Q,L,V,E,K,R	0.00396838235294118	0.0242759961889597	1235
433	T	THR1236	-0.971	8	-1.197	-0.899	9,8	204/204	T,L,H,Y,M,F,V,R,I,W	0.00381225490196078	0.0240769576456755	1236
434	G	GLY1237	-0.492	6	-0.723	-0.381	7,6	204/204	L,N,Q,A,T,H,D,S,G,M,E,K,I	0.00339799019607843	0.0234811321254221	1237
435	A	ALA1238	0.298	4	-0.018	0.518	5,3	204/204	F,I,R,E,S,Y,M,V,W,K,A,Q,T,N,L,G,D,H	0.00328647058823529	0.0228361842398111	1238
436	V	VAL1239	-0.516	7	-0.723	-0.381	7,6	200/204	H,S,L,N,A,T,K,R,I,W,V,M,F,Y	0.0027769	0.0203927982506684	1239
437	P	PRO1240	-0.914	8	-1.197	-0.81	9,7	200/204	P,V,F,Y,S,L,A,T	0.00251755	0.0184457646266237	1240
438	G	GLY1241	0.176	4	-0.114	0.398	5,4	198/204	D,G,N,A,L,V,K,I,P,F,Y	0.00191045454545455	0.0133941290379681	1241
439	L	LEU1242	0.258	4	-0.018	0.398	5,4	198/204	H,G,S,L,C,T,Q,A,I,K,P,R,V,F,Y	0.00158207070707071	0.0107676687641413	1242
440	R	ARG1243	-0.606	7	-0.81	-0.467	7,6	203/204	E,I,P,R,V,M,Y,H,S,G,L,N,A,Q,T	0.00132295566502463	0.00956153464074379	1243
441	S	SER1244	0.621	3	0.286	0.779	4,3	203/204	F,E,I,R,S,M,Y,V,W,N,Q,A,T,L,D,G,H	0.0009235960591133	0.00786599061094466	1244
442	L	LEU1245	-0.928	8	-1.09	-0.81	8,7	203/204	Q,A,L,S,H,Y,M,F,V,P,W,R,K	0.000130541871921182	0.000629120242226124	1245
443	E	GLU1246	-0.182	6	-0.467	-0.018	6,5	203/204	E,R,P,K,F,M,Y,D,G,S,H,N,Q,A,L	8.11330049261084e-05	0.000389062336938561	1246
444	N	ASN1247	-1.036	8	-1.197	-0.899	9,8	192/204	Y,W,P,E,T,A,Q,N,S,G,D,H	7.97916666666667e-05	0.00042126331859671	1247
445	D	ASP1248	1.297	1	0.929	1.488	2,1	200/204	R,P,I,E,S,C,V,W,K,Y,M,G,D,H,A,Q,T,N,L	7.545e-05	0.000422716505140967	1248
446	G	GLY1249	-0.932	8	-1.197	-0.81	9,7	194/204	H,S,G,D,L,Q,N,I,E,V	6.56701030927835e-05	0.000410224018709795	1249
447	T	THR1250	-0.98	8	-1.197	-0.899	9,8	198/204	F,M,Y,V,R,I,A,T,L,D,H	4.44949494949495e-05	0.000354284146300029	1250
448	R	ARG1251	-0.848	8	-1.09	-0.723	8,7	198/204	E,R,P,K,D,S,N,A,Q	3.36868686868687e-05	0.000333285510336554	1251
449	L	LEU1252	-0.49	6	-0.723	-0.381	7,6	203/204	M,E,W,I,V,L,T,A,D,S,G	4.064039408867e-05	0.000343543105145356	1252
450	L	LEU1253	-0.981	8	-1.197	-0.899	9,8	203/204	T,Q,A,L,M,F,V,K,I	4.03448275862069e-05	0.000344760469740066	1253
451	D	ASP1254	-0.996	8	-1.197	-0.899	9,8	203/204	Y,M,R,K,E,L,Q,N,H,S,D	3.44827586206897e-05	0.000340411956963673	1254
452	S	SER1255	-0.342	6	-0.552	-0.204	7,6	204/204	R,K,E,S,G,D,L,A,T,Q,N	5.07843137254902e-05	0.000406991088789072	1255
453	I	ILE1256	-1.206	9	-1.506	-1.09	9,8	204/204	I,L,M	0.000101127450980392	0.000755202125054003	1256
454	R	ARG1257	-1.481	9	-1.733	-1.506	9,9	204/204	G,S,H,A,Q,T,R,E	0.000103382352941176	0.000763630704651183	1257
455	D	ASP1258	0.049	5	-0.204	0.181	6,4	169/204	S,G,D,T,Q,A,N,K,R,E,V	0.000133609467455621	0.000910004899989595	1258
456	L	LEU1259	0.771	3	0.398	0.929	4,2	200/204	S,R,P,I,E,F,H,G,D,L,Q,A,T,N,K,V,Y	0.0001412	0.000929887635725617	1259
457	Y	TYR1260	0.445	4	0.079	0.643	5,3	199/204	E,P,K,R,F,Y,D,S,G,H,N,A,Q,T,L	0.000268492462311558	0.00119486136243832	1260
458	P	PRO1261	0.803	3	0.398	1.093	4,2	117/204	N,Q,T,H,D,G,S,F,E,I,P,K,R	0.0662399145299145	0.153526725240017	1261
459	G	GLY1262	0.287	4	-0.114	0.518	5,3	117/204	Y,E,P,R,W,K,T,Q,A,L,D,G,S	0.0733532478632479	0.165398534584829	1262
460	K	LYS1263	-0.523	7	-0.723	-0.381	7,6	201/204	E,K,R,V,H,D,G,S,L,N,Q,T,A	0.0438077611940298	0.132566597385852	1263
461	F	PHE1264	-1.425	9	-1.733	-1.323	9,9	204/204	W,I,V,L,F,Y	0.0440392156862745	0.132058047303108	1264
462	Y	TYR1265	-0.579	7	-0.81	-0.467	7,6	204/204	S,D,H,Q,A,L,V,R,I,P,W,K,Y,F,M	0.0443530392156863	0.132230646912264	1265
463	W	TRP1266	-0.865	8	-1.09	-0.723	8,7	204/204	H,C,L,E,K,W,P,F,Y	0.0444455882352941	0.13224921298488	1266
464	R	ARG1267	-0.878	8	-1.09	-0.81	8,7	180/204	K,R,E,V,M,H,G,S,D,T,A,N	0.0491442222222222	0.139824885909138	1267
465	F	PHE1268	-0.875	8	-1.09	-0.723	8,7	200/204	Y,M,F,V,W,P,K,E,A,T,N,H	0.04534505	0.133423939569512	1268
466	Y	TYR1269	-0.924	8	-1.197	-0.81	9,7	201/204	L,N,T,A,H,G,S,F,Y,W,V	0.0451423880597015	0.133122861921868	1269
467	A	ALA1270	-0.535	7	-0.723	-0.381	7,6	200/204	Y,F,I,R,K,E,V,L,A,Q,T,N,H,G,S	0.04537145	0.133418757521913	1270
468	F	PHE1271	-0.45	6	-0.723	-0.293	7,6	199/204	S,G,L,C,A,T,K,R,I,W,P,V,F,Y	0.0456223115577889	0.133717676421478	1271
469	F	PHE1272	-0.157	5	-0.381	-0.018	6,5	204/204	L,A,Q,T,C,G,S,D,Y,M,F,I,E,V	0.0445311274509804	0.132194349898277	1272
470	D	ASP1273	-1.096	8	-1.323	-0.992	9,8	204/204	Y,R,K,P,E,A,Q,N,G,D,H	0.0445019607843137	0.132139280732084	1273
471	Y	TYR1274	-0.188	6	-0.467	-0.018	6,5	204/204	V,E,R,W,K,F,M,Y,S,H,N,Q,A	0.0445045588235294	0.132101788915895	1274
472	A	ALA1275	-0.467	6	-0.723	-0.381	7,6	204/204	Y,I,V,L,A,T,C,G,S	0.0442611764705882	0.131411094078411	1275
473	I	ILE1276	-0.81	7	-0.992	-0.723	8,7	204/204	L,A,M,F,I,V	0.0428904901960784	0.128134544089098	1276
474	T	THR1277	0.363	4	0.079	0.518	5,3	204/204	Q,A,T,N,C,H,S,D,Y,F,R,I,E,V	0.0333063725490196	0.105457649854741	1277
475	T	THR1278	0.075	5	-0.204	0.286	6,4	204/204	N,C,T,A,Q,D,G,S,H,Y,E,R,K	0.0209242156862745	0.0696474628585497	1278
476	L	LEU1279	-0.754	7	-0.992	-0.637	8,7	204/204	M,A,L,V,H,I	0.0190278431372549	0.0646992014725614	1279
477	K	LYS1280	1.983	1	1.488	2.442	1,1	204/204	N,Q,A,T,L,D,H,M,Y,V,W,K,S,F,E,I,R	0.0171091666666667	0.059421494898331	1280
478	P	PRO1281	-0.59	7	-0.81	-0.467	7,6	204/204	F,V,E,I,P,T,Q,A,L,S,H	0.0122588725490196	0.0471709906386954	1281
479	V	VAL1282	-0.544	7	-0.723	-0.467	7,6	204/204	Q,T,A,N,H,S,D,Y,F,R,I,K,E,V	0.00524058823529412	0.0270744581367036	1282
480	Y	TYR1283	-0.754	7	-0.992	-0.637	8,7	204/204	H,L,N,C,A,E,P,R,F,Y	0.00154225490196078	0.00588216698899556	1283
481	E	GLU1284	-0.061	5	-0.293	0.079	6,5	204/204	Q,A,T,L,D,G,H,M,Y,V,K,S,F,E,R,I	0.000856813725490196	0.00447666606513451	1284
482	D	ASP1285	1.421	1	0.929	1.737	2,1	204/204	Y,V,W,K,A,Q,T,N,G,D,H,F,R,P,E,S	0.000640686274509804	0.00373903948568021	1285
483	T	THR1286	-1.502	9	-1.733	-1.506	9,9	204/204	S,R,K,H,A,T	0.000421813725490196	0.00292288661297749	1286
484	N	ASN1287	1.616	1	1.093	2.041	2,1	204/204	M,K,V,L,N,A,Q,T,H,D,G,E,P,R,I,S	0.000333970588235294	0.00211855988337037	1287
485	I	ILE1288	-0.851	8	-1.09	-0.723	8,7	204/204	F,T,L,V,I	0.000302549019607843	0.00186567130842568	1288
486	K	LYS1289	1.213	1	0.779	1.488	3,1	204/204	F,V,E,R,K,N,T,Q,A,D,S,H	0.000242696078431373	0.00139957913652405	1289
487	I	ILE1290	-1.028	8	-1.197	-0.899	9,8	204/204	I,V,L,T	0.00028343137254902	0.00141095188153808	1290
488	K	LYS1291	1.791	1	1.278	2.041	1,1	204/204	S,D,L,A,Q,T,N,W,I,K,R,V,Y,F,M	0.000272941176470588	0.00126955916342215	1291
489	L	LEU1292	-1.499	9	-1.733	-1.506	9,9	204/204	V,I,F,L	0.000265392156862745	0.00125389966802577	1292
490	D	ASP1293	-0.92	8	-1.09	-0.81	8,7	204/204	P,E,G,S,D,N	0.000219607843137255	0.00108408725001841	1293
491	K	LYS1294	1.374	1	0.929	1.737	2,1	204/204	E,P,R,I,K,F,H,D,G,S,L,N,T,Q,A	0.000223039215686275	0.00120329088098737	1294
492	D	ASP1295	1.596	1	1.093	1.737	2,1	204/204	H,D,G,L,N,Q,T,A,K,V,M,Y,S,E,I,P,R	0.000300049019607843	0.00180036517848751	1295
493	T	THR1296	0.47	4	0.181	0.643	4,3	204/204	Y,E,R,I,P,K,V,N,C,Q,T,A,H,D,S	0.000321519607843137	0.00196559675056216	1296
494	R	ARG1297	-1.287	9	-1.506	-1.197	9,9	204/204	S,Q,A,W,I,K,P,R,V	0.000376519607843137	0.00244600914421917	1297
495	N	ASN1298	-0.188	6	-0.467	-0.018	6,5	204/204	M,Y,K,V,L,N,Q,A,T,H,D,G,F,E,I,P,R,C,S	0.000412352941176471	0.00271420135908816	1298
496	F	PHE1299	-1.081	8	-1.323	-0.992	9,8	204/204	I,V,S,L,F	0.000466666666666667	0.00313639350267349	1299
497	I	ILE1300	-0.201	6	-0.467	-0.018	6,5	204/204	I,V,M,F,Y,H,S,L,A,Q	0.000469901960784314	0.00320894332011649	1300
498	M	MET1301	-0.609	7	-0.81	-0.467	7,6	204/204	M,F,I,V,L,A,T,S	0.000469803921568627	0.00324168006079198	1301
499	P	PRO1302	-1.235	9	-1.506	-1.197	9,9	204/204	P,R,E,S,D,Q,A	0.000454852941176471	0.00323951441929936	1302
500	T	THR1303	1.059	2	0.643	1.278	3,1	204/204	V,R,I,P,K,E,M,S,D,A,Q,T,N,L	0.000456029411764706	0.00324046572993975	1303
501	I	ILE1304	-0.583	7	-0.81	-0.467	7,6	204/204	S,A,L,V,P,I,F,M	0.000462794117647059	0.00324455262110175	1304
502	T	THR1305	0.081	5	-0.204	0.286	6,4	204/204	V,E,W,P,K,D,G,S,N,A,T,Q,L	0.000463235294117647	0.00324626687051608	1305
503	T	THR1306	1.53	1	1.093	1.737	2,1	204/204	M,V,E,I,K,P,R,N,A,Q,T,L,D,S,G	0.00046093137254902	0.00324688674155851	1306
504	N	ASN1307	0.828	3	0.518	1.093	3,2	204/204	D,G,L,N,T,Q,A,K,V,M,S,C,E,I,R,P,F	0.000475490196078431	0.00326175921207236	1307
505	E	GLU1308	1.681	1	0.643	2.442	3,1	22/204	S,D,T,Q,N,K,E,V,Y	4.90909090909091e-05	0.00020151590013857	1308
506	I	ILE1309	0.121	5	-0.204	0.286	6,4	199/204	D,G,L,N,A,T,Q,K,W,V,M,Y,S,C,E,I,F	0.000496180904522613	0.00327356036481042	1309
507	R	ARG1310	0.522	3	0.181	0.643	4,3	204/204	Y,M,K,R,E,V,L,Q,A,N,H,S,G	0.000471323529411765	0.00312082370603863	1310
508	N	ASN1311	0.944	2	0.518	1.278	3,1	204/204	N,C,T,A,Q,L,D,S,G,H,E,R,P,K	0.000623137254901961	0.00369002222226001	1311
509	K	LYS1312	0.222	4	-0.114	0.398	5,4	204/204	H,N,C,Q,T,L,V,E,K,I,R,F,M,Y	0.000721078431372549	0.00379905780563642	1312
510	L	LEU1313	-0.354	6	-0.637	-0.204	7,6	204/204	V,I,M,L	0.00115509803921569	0.00469648652767435	1313
511	S	SER1314	0.166	5	-0.114	0.286	5,4	204/204	Y,F,V,R,K,E,T,A,Q,C,N,S,D,H	0.00119936274509804	0.00465910191199854	1314
512	Y	TYR1315	-1.499	9	-1.733	-1.506	9,9	204/204	Y,H	0.00156671568627451	0.00561600760121419	1315
513	S	SER1316	0.999	2	0.643	1.278	3,1	204/204	H,D,S,N,A,T,Q,E,I,K,W,R,V	0.00160578431372549	0.00591237742122272	1316
514	F	PHE1317	-0.693	7	-0.899	-0.552	8,7	204/204	A,M,F,L,V,I	0.00211009803921569	0.00722757943047591	1317
515	D	ASP1318	1.08	2	0.643	1.278	3,1	204/204	F,I,R,E,C,S,Y,K,W,V,L,T,A,Q,N,H,D	0.00218892156862745	0.00764287348367185	1318
516	G	GLY1319	-1.037	8	-1.323	-0.899	9,8	204/204	T,A,H,R,S,G	0.00268245098039216	0.0090907857249034	1319
517	A	ALA1320	0.597	3	0.286	0.779	4,3	204/204	P,R,E,C,S,Y,M,V,W,K,A,T,Q,N,L,G,D,H	0.0038271568627451	0.0188582634996327	1320
518	G	GLY1321	-0.241	6	-0.552	-0.114	7,5	204/204	Q,T,A,N,S,G,D,H,R,P,I,K,E	0.00464774509803922	0.0283873246850094	1321
519	G	GLY1322	-0.571	7	-0.81	-0.467	7,6	204/204	N,Q,A,D,S,G,K	0.00587460784313725	0.0440956222969671	1322
520	T	THR1323	0.515	3	0.181	0.643	4,3	204/204	E,I,P,R,K,V,H,D,S,L,N,T,A,Q	0.00601593137254902	0.0453962979395452	1323
521	Y	TYR1324	-0.979	8	-1.197	-0.899	9,8	204/204	H,S,G,T,Q,C,R,V,Y	0.00730421568627451	0.0603124541858785	1324
522	S	SER1325	0.3	4	-0.018	0.518	5,3	204/204	Y,I,R,K,E,V,L,T,A,Q,N,H,S,D	0.00788269607843137	0.0647267959532235	1325
523	L	LEU1326	-0.4	6	-0.637	-0.293	7,6	204/204	V,I,M,L	0.00849901960784314	0.067636706535396	1326
524	L	LEU1327	0.703	3	0.398	0.929	4,2	204/204	S,R,I,E,F,G,D,H,Q,A,T,N,L,V,W,K,Y,M	0.00865083333333333	0.0686623742972068	1327
525	L	LEU1328	-1.194	9	-1.506	-1.09	9,8	204/204	M,A,L,V,I,P	0.00903117647058824	0.0689606972493141	1328
526	S	SER1329	-0.633	7	-0.81	-0.552	7,7	204/204	L,N,A,T,Q,H,S,M,E,R,K,P,V	0.00899436274509804	0.0689770015722438	1329
527	S	SER1330	0.393	4	0.079	0.643	5,3	204/204	H,D,S,L,N,T,Q,A,E,P,I,R,K,V,Y	0.00900975490196078	0.0690518709964978	1330
528	Y	TYR1331	-0.545	7	-0.81	-0.381	7,6	204/204	N,A,Q,D,G,S,H,Y,V,E,P,I,K	0.00901740196078431	0.069121835418633	1331
529	P	PRO1332	0.499	4	0.181	0.643	4,3	204/204	S,G,Q,A,T,N,L,V,P,K,I,Y	0.00900588235294118	0.0691579841673719	1332
530	I	ILE1333	0.853	2	0.518	1.093	3,2	204/204	E,P,R,I,S,M,V,W,K,N,Q,A,T,L,D,G,H	0.00898367647058823	0.0691734071437508	1333
531	S	SER1334	0.834	3	0.286	1.093	4,2	61/204	V,P,R,K,E,A,T,N,L,G,S	0.0234762295081967	0.125079565399575	1334
532	T	THR1335	-0.3	6	-0.552	-0.114	7,5	204/204	V,I,F,M,Y,T,L	0.00881666666666667	0.0691446398812094	1335
533	N	ASN1336	0.969	2	0.643	1.278	3,1	204/204	S,F,E,R,I,N,T,Q,A,D,G,H,M,Y,V,K	0.00839789215686275	0.0690569721457512	1336
534	I	ILE1337	-1.192	9	-1.506	-1.09	9,8	204/204	I,V,L,C,F	0.00830686274509804	0.0690267921494554	1337
535	N	ASN1338	2.023	1	1.488	2.442	1,1	204/204	Q,A,T,N,L,G,D,H,M,V,K,S,F,R,I,E	0.00784779411764706	0.0688698734105343	1338
536	L	LEU1339	0.034	5	-0.204	0.181	6,4	195/204	T,Q,A,C,N,L,G,S,D,V,P,K,E	0.00724538461538462	0.0695482936506888	1339
537	S	SER1340	1.559	1	1.093	1.737	2,1	189/204	W,V,M,Y,D,G,L,N,T,Q,A,E,R,I,P,S,C	0.00666328042328042	0.0679846470060946	1340
538	K	LYS1341	2.904	1	2.041	3.044	1,1	154/204	K,I,P,R,E,V,L,Q,A,T,N,H,G,S,D	0.00707194805194805	0.0742094666113588	1341
539	D	ASP1342	3.173	1	2.442	3.044	1,1	202/204	F,P,I,R,E,S,Y,V,K,Q,T,A,N,L,G,D,H	0.00419405940594059	0.0370442286997132	1342
540	D	ASP1343	-0.684	7	-0.899	-0.552	8,7	204/204	D,G,S,L,N,C,T,Q,A,E,I,P,V,M,Y	0.00259073529411765	0.0160062524097756	1343
541	L	LEU1344	1.384	1	0.929	1.737	2,1	204/204	S,C,E,R,I,H,D,G,L,N,T,A,Q,W,K,V	0.00241985294117647	0.0147555011192016	1344
542	W	TRP1345	-1.498	9	-1.733	-1.506	9,9	204/204	W	0.00206612745098039	0.0113261470543595	1345
543	I	ILE1346	0.017	5	-0.204	0.181	6,4	204/204	S,L,T,Q,A,N,I,R,K,E,V,M,F	0.00185549019607843	0.0100013454392878	1346
544	F	PHE1347	-0.887	8	-1.09	-0.81	8,7	204/204	F,M,L,V,I	0.00149803921568627	0.0087657599705059	1347
545	N	ASN1348	-0.318	6	-0.552	-0.204	7,6	204/204	S,G,D,H,T,Q,A,N,L,V,R,I,K,E	0.000978921568627451	0.00788410034437181	1348
546	I	ILE1349	-0.598	7	-0.81	-0.467	7,6	204/204	C,A,T,L,S,G,V,R,I	0.00075578431372549	0.00740187453774124	1349
547	D	ASP1350	-0.041	5	-0.293	0.079	6,5	204/204	E,K,P,R,V,H,D,S,G,L,N,A,T	0.0006625	0.00695900275434457	1350
548	N	ASN1351	-0.107	5	-0.381	0.079	6,5	204/204	T,A,Q,N,L,G,S,D,H,Y,F,R,W,K,E	0.000626960784313725	0.00657045676096538	1351
549	E	GLU1352	-0.403	6	-0.637	-0.293	7,6	204/204	F,M,E,I,K,V,L,Q,A	0.000566274509803922	0.00597597264941358	1352
550	V	VAL1353	3.014	1	2.041	3.044	1,1	203/204	N,A,Q,T,L,D,G,H,V,K,C,S,E,I,P,R	0.00016935960591133	0.00115055263679825	1353
551	R	ARG1354	0.476	4	0.181	0.643	4,3	202/204	L,N,T,A,Q,H,D,G,M,Y,K,V,S,F,E,P,R,I	8.25742574257426e-05	0.000854013239863052	1354
552	E	GLU1355	2.664	1	2.041	3.044	1,1	201/204	Y,E,K,P,R,V,L,N,Q,A,T,H,D,G,S	5.35323383084577e-05	0.000632328206075773	1355
553	I	ILE1356	1.265	1	0.929	1.488	2,1	201/204	N,A,T,Q,H,D,G,S,F,Y,E,K,R,I,V	0	0	1356
